/*
SQLyog Ultimate v12.09 (64 bit)
MySQL - 5.7.17 : Database - lenos
*********************************************************************
*/

/*!40101 SET NAMES utf8 */;

/*!40101 SET SQL_MODE=''*/;

/*!40014 SET @OLD_UNIQUE_CHECKS=@@UNIQUE_CHECKS, UNIQUE_CHECKS=0 */;
/*!40014 SET @OLD_FOREIGN_KEY_CHECKS=@@FOREIGN_KEY_CHECKS, FOREIGN_KEY_CHECKS=0 */;
/*!40101 SET @OLD_SQL_MODE=@@SQL_MODE, SQL_MODE='NO_AUTO_VALUE_ON_ZERO' */;
/*!40111 SET @OLD_SQL_NOTES=@@SQL_NOTES, SQL_NOTES=0 */;
CREATE DATABASE /*!32312 IF NOT EXISTS*/`lenos` /*!40100 DEFAULT CHARACTER SET utf8 */;

USE `lenos`;

/*Table structure for table `sys_log` */

DROP TABLE IF EXISTS `sys_log`;

CREATE TABLE `sys_log` (
  `id` int(11) NOT NULL AUTO_INCREMENT,
  `user_name` varchar(32) NOT NULL,
  `ip` varchar(255) DEFAULT NULL,
  `type` varchar(255) DEFAULT NULL,
  `text` varchar(255) DEFAULT NULL,
  `create_time` datetime DEFAULT NULL,
  PRIMARY KEY (`id`)
) ENGINE=InnoDB AUTO_INCREMENT=281 DEFAULT CHARSET=utf8;

/*Data for the table `sys_log` */

insert  into `sys_log`(`id`,`user_name`,`ip`,`type`,`text`,`create_time`) values (10,'admin','0:0:0:0:0:0:0:1','SELECT','展示菜单','2017-12-28 19:05:51'),(11,'admin','0:0:0:0:0:0:0:1','ADD','登录平台','2017-12-28 20:41:18'),(12,'admin','0:0:0:0:0:0:0:1','ADD','登录平台','2017-12-28 22:35:38'),(13,'admin','0:0:0:0:0:0:0:1','SELECT','展示菜单','2017-12-28 22:35:41'),(14,'admin','0:0:0:0:0:0:0:1','ADD','登录平台','2017-12-29 10:27:36'),(15,'admin','0:0:0:0:0:0:0:1','SELECT','展示菜单','2017-12-29 10:27:46'),(16,'admin','0:0:0:0:0:0:0:1','ADD','登录平台','2017-12-29 11:49:40'),(17,'admin','0:0:0:0:0:0:0:1','SELECT','展示菜单','2017-12-29 11:49:44'),(18,'admin','0:0:0:0:0:0:0:1','ADD','登录平台','2017-12-29 11:56:35'),(19,'admin','0:0:0:0:0:0:0:1','SELECT','展示菜单','2017-12-29 11:57:04'),(20,'admin','0:0:0:0:0:0:0:1','SELECT','展示菜单','2017-12-29 11:57:32'),(21,'admin','0:0:0:0:0:0:0:1','SELECT','展示菜单/ by zero','2017-12-29 11:57:37'),(22,'admin','0:0:0:0:0:0:0:1','SELECT','展示菜单','2017-12-29 11:57:38'),(23,'admin','0:0:0:0:0:0:0:1','SELECT','展示菜单/ by zero','2017-12-29 11:57:40'),(24,'admin','0:0:0:0:0:0:0:1','ADD','登录平台','2017-12-29 11:58:29'),(25,'admin','0:0:0:0:0:0:0:1','SELECT','展示菜单','2017-12-29 11:58:31'),(26,'admin','0:0:0:0:0:0:0:1','ADD','登录平台','2017-12-29 13:58:45'),(27,'admin','0:0:0:0:0:0:0:1','SELECT','展示菜单','2017-12-29 13:58:49'),(28,'admin','0:0:0:0:0:0:0:1','SELECT','展示菜单','2017-12-29 14:00:57'),(29,'admin','0:0:0:0:0:0:0:1','SELECT','展示菜单','2017-12-29 14:00:57'),(30,'admin','0:0:0:0:0:0:0:1','SELECT','展示菜单','2017-12-29 14:01:52'),(31,'admin','0:0:0:0:0:0:0:1','SELECT','展示菜单','2017-12-29 14:01:53'),(32,'admin','0:0:0:0:0:0:0:1','SELECT','展示菜单','2017-12-29 14:01:53'),(33,'admin','0:0:0:0:0:0:0:1','SELECT','展示菜单','2017-12-29 14:01:55'),(34,'admin','0:0:0:0:0:0:0:1','SELECT','展示菜单','2017-12-29 14:02:34'),(35,'admin','0:0:0:0:0:0:0:1','SELECT','展示菜单','2017-12-29 14:02:34'),(36,'admin','0:0:0:0:0:0:0:1','SELECT','展示菜单','2017-12-29 14:02:35'),(37,'admin','0:0:0:0:0:0:0:1','SELECT','展示菜单','2017-12-29 14:02:36'),(38,'admin','0:0:0:0:0:0:0:1','SELECT','展示菜单','2017-12-29 14:02:37'),(39,'admin','0:0:0:0:0:0:0:1','SELECT','展示菜单','2017-12-29 14:02:41'),(40,'admin','0:0:0:0:0:0:0:1','SELECT','展示菜单','2017-12-29 14:08:10'),(41,'admin','0:0:0:0:0:0:0:1','SELECT','展示菜单','2017-12-29 14:09:16'),(42,'admin','0:0:0:0:0:0:0:1','ADD','登录平台','2017-12-29 14:09:20'),(43,'admin','0:0:0:0:0:0:0:1','ADD','登录平台','2017-12-29 14:12:41'),(44,'admin','0:0:0:0:0:0:0:1','ADD','登录平台','2017-12-29 14:12:47'),(45,'admin','0:0:0:0:0:0:0:1','ADD','登录平台','2017-12-29 14:13:07'),(46,'admin','0:0:0:0:0:0:0:1','SELECT','展示菜单','2017-12-29 14:13:16'),(47,'admin','0:0:0:0:0:0:0:1','SELECT','展示菜单','2017-12-29 14:13:49'),(48,'admin','0:0:0:0:0:0:0:1','ADD','登录平台','2017-12-29 14:13:52'),(49,'admin','0:0:0:0:0:0:0:1','ADD','登录平台','2017-12-29 14:17:33'),(50,'admin','0:0:0:0:0:0:0:1','ADD','登录平台','2017-12-29 14:39:49'),(51,'admin','0:0:0:0:0:0:0:1','ADD','登录平台','2017-12-29 14:40:08'),(52,'admin','0:0:0:0:0:0:0:1','ADD','登录平台','2017-12-29 14:40:20'),(53,'admin','0:0:0:0:0:0:0:1','ADD','登录平台','2017-12-29 14:40:40'),(54,'admin','0:0:0:0:0:0:0:1','SELECT','展示菜单','2017-12-29 14:41:04'),(55,'admin','0:0:0:0:0:0:0:1','SELECT','展示菜单','2017-12-29 14:41:24'),(56,'admin','0:0:0:0:0:0:0:1','SELECT','展示菜单','2017-12-29 14:41:25'),(57,'admin','0:0:0:0:0:0:0:1','SELECT','展示菜单','2017-12-29 14:41:26'),(58,'admin','0:0:0:0:0:0:0:1','SELECT','展示菜单','2017-12-29 14:42:22'),(59,'admin','0:0:0:0:0:0:0:1','SELECT','展示菜单','2017-12-29 14:43:31'),(60,'admin','0:0:0:0:0:0:0:1','SELECT','展示菜单','2017-12-29 14:43:51'),(61,'admin','0:0:0:0:0:0:0:1','SELECT','展示菜单','2017-12-29 14:44:49'),(62,'admin','0:0:0:0:0:0:0:1','SELECT','展示菜单','2017-12-29 14:44:50'),(63,'admin','0:0:0:0:0:0:0:1','SELECT','展示菜单','2017-12-29 14:44:50'),(64,'admin','0:0:0:0:0:0:0:1','SELECT','展示菜单','2017-12-29 14:44:57'),(65,'admin','0:0:0:0:0:0:0:1','SELECT','展示菜单','2017-12-29 14:45:02'),(66,'admin','0:0:0:0:0:0:0:1','ADD','登录平台','2017-12-29 14:52:18'),(67,'admin','0:0:0:0:0:0:0:1','ADD','登录平台','2017-12-29 14:52:58'),(68,'admin','0:0:0:0:0:0:0:1','ADD','登录平台','2017-12-29 14:53:14'),(69,'admin','0:0:0:0:0:0:0:1','ADD','登录平台','2017-12-29 14:53:33'),(70,'admin','0:0:0:0:0:0:0:1','ADD','登录平台','2017-12-29 14:59:40'),(71,'admin','0:0:0:0:0:0:0:1','SELECT','展示菜单','2017-12-29 15:00:12'),(72,'admin','0:0:0:0:0:0:0:1','SELECT','展示菜单','2017-12-29 15:02:02'),(73,'admin','0:0:0:0:0:0:0:1','SELECT','展示菜单','2017-12-29 15:14:20'),(74,'admin','0:0:0:0:0:0:0:1','SELECT','展示菜单','2017-12-29 15:16:43'),(75,'admin','0:0:0:0:0:0:0:1','SELECT','展示菜单','2017-12-29 15:23:06'),(76,'admin','0:0:0:0:0:0:0:1','ADD','登录平台','2017-12-29 15:54:03'),(77,'admin','0:0:0:0:0:0:0:1','SELECT','展示菜单','2017-12-29 15:54:15'),(78,'admin','0:0:0:0:0:0:0:1','ADD','登录平台','2017-12-29 15:56:46'),(79,'admin','0:0:0:0:0:0:0:1','SELECT','展示菜单','2017-12-29 15:56:54'),(80,'admin','0:0:0:0:0:0:0:1','ADD','登录平台','2017-12-29 15:58:30'),(81,'admin','0:0:0:0:0:0:0:1','ADD','登录平台','2017-12-29 15:59:10'),(82,'admin','0:0:0:0:0:0:0:1','ADD','登录平台','2017-12-29 16:01:12'),(83,'admin','0:0:0:0:0:0:0:1','ADD','登录平台','2017-12-29 16:01:55'),(84,'admin','0:0:0:0:0:0:0:1','ADD','登录平台','2017-12-29 16:02:57'),(85,'admin','0:0:0:0:0:0:0:1','SELECT','展示菜单','2017-12-29 16:02:59'),(86,'admin','0:0:0:0:0:0:0:1','SELECT','展示菜单','2017-12-29 16:05:45'),(87,'admin','0:0:0:0:0:0:0:1','SELECT','展示菜单','2017-12-29 16:06:07'),(88,'admin','0:0:0:0:0:0:0:1','SELECT','展示菜单','2017-12-29 16:06:17'),(89,'admin','0:0:0:0:0:0:0:1','SELECT','展示菜单','2017-12-29 16:06:21'),(90,'admin','0:0:0:0:0:0:0:1','SELECT','展示菜单','2017-12-29 16:06:22'),(91,'admin','0:0:0:0:0:0:0:1','SELECT','展示菜单','2017-12-29 16:12:50'),(92,'admin','0:0:0:0:0:0:0:1','SELECT','展示菜单','2017-12-29 16:24:44'),(93,'admin','0:0:0:0:0:0:0:1','SELECT','展示菜单','2017-12-29 16:24:48'),(94,'admin','0:0:0:0:0:0:0:1','ADD','登录平台','2017-12-29 16:26:47'),(95,'admin','0:0:0:0:0:0:0:1','ADD','登录平台','2017-12-29 16:27:36'),(96,'admin','0:0:0:0:0:0:0:1','ADD','登录平台','2017-12-29 16:29:48'),(97,'admin','0:0:0:0:0:0:0:1','ADD','登录平台','2017-12-29 20:22:16'),(98,'admin','0:0:0:0:0:0:0:1','ADD','登录平台','2017-12-29 20:33:31'),(99,'admin','0:0:0:0:0:0:0:1','ADD','登录平台','2017-12-29 20:36:42'),(100,'admin','0:0:0:0:0:0:0:1','SELECT','展示菜单','2017-12-29 20:36:58'),(101,'admin','0:0:0:0:0:0:0:1','ADD','登录平台','2017-12-29 23:16:31'),(102,'admin','0:0:0:0:0:0:0:1','ADD','登录平台','2017-12-29 23:22:40'),(103,'admin','0:0:0:0:0:0:0:1','ADD','登录平台','2017-12-29 23:24:27'),(104,'admin','0:0:0:0:0:0:0:1','ADD','登录平台','2017-12-29 23:32:24'),(105,'admin','0:0:0:0:0:0:0:1','SELECT','展示菜单','2017-12-30 01:02:58'),(106,'admin','0:0:0:0:0:0:0:1','SELECT','展示菜单','2017-12-30 01:04:25'),(107,'admin','0:0:0:0:0:0:0:1','SELECT','展示菜单','2017-12-30 18:19:40'),(108,'admin','0:0:0:0:0:0:0:1','SELECT','展示菜单','2017-12-30 18:37:48'),(109,'admin','0:0:0:0:0:0:0:1','SELECT','展示菜单','2017-12-30 20:05:05'),(110,'admin','0:0:0:0:0:0:0:1','SELECT','展示菜单','2017-12-30 20:23:56'),(111,'admin','0:0:0:0:0:0:0:1','ADD','更新用户','2017-12-30 22:28:05'),(112,'admin','0:0:0:0:0:0:0:1','ADD','更新角色','2017-12-30 22:28:13'),(113,'admin','0:0:0:0:0:0:0:1','SELECT','展示菜单','2017-12-31 00:54:32'),(114,'admin','0:0:0:0:0:0:0:1','ADD','更新角色','2017-12-31 00:54:52'),(115,'admin','0:0:0:0:0:0:0:1','SELECT','展示菜单','2017-12-31 00:57:13'),(116,'admin','0:0:0:0:0:0:0:1','ADD','更新角色','2017-12-31 00:57:21'),(117,'admin','0:0:0:0:0:0:0:1','ADD','更新用户','2017-12-31 00:57:52'),(118,'admin','0:0:0:0:0:0:0:1','ADD','更新角色','2017-12-31 00:58:05'),(119,'admin','0:0:0:0:0:0:0:1','SELECT','展示菜单','2017-12-31 00:58:14'),(120,'zxm','0:0:0:0:0:0:0:1','SELECT','展示菜单','2017-12-31 01:00:09'),(121,'admin','0:0:0:0:0:0:0:1','SELECT','展示菜单','2017-12-31 10:42:28'),(122,'admin','0:0:0:0:0:0:0:1','SELECT','展示菜单','2017-12-31 12:28:01'),(123,'admin','0:0:0:0:0:0:0:1','ADD','更新角色','2017-12-31 12:31:51'),(124,'admin','0:0:0:0:0:0:0:1','ADD','更新角色','2017-12-31 12:32:40'),(125,'admin','0:0:0:0:0:0:0:1','ADD','更新用户','2017-12-31 12:33:04'),(126,'admin','0:0:0:0:0:0:0:1','SELECT','展示菜单','2017-12-31 12:38:47'),(127,'admin','0:0:0:0:0:0:0:1','SELECT','展示菜单','2017-12-31 16:40:46'),(128,'admin','0:0:0:0:0:0:0:1','ADD','更新角色','2017-12-31 16:42:15'),(129,'admin','0:0:0:0:0:0:0:1','SELECT','展示菜单','2017-12-31 16:55:51'),(130,'admin','0:0:0:0:0:0:0:1','ADD','更新角色','2017-12-31 16:58:09'),(131,'admin','0:0:0:0:0:0:0:1','SELECT','展示菜单','2017-12-31 19:57:10'),(132,'admin','192.168.0.102','SELECT','展示菜单','2017-12-31 21:19:58'),(133,'admin','0:0:0:0:0:0:0:1','SELECT','展示菜单','2017-12-31 21:41:12'),(134,'admin','0:0:0:0:0:0:0:1','SELECT','展示菜单','2017-12-31 21:41:21'),(135,'admin','0:0:0:0:0:0:0:1','ADD','更新用户','2018-01-02 16:11:28'),(136,'admin','0:0:0:0:0:0:0:1','ADD','更新角色','2018-01-02 16:12:05'),(137,'admin','0:0:0:0:0:0:0:1','SELECT','展示菜单','2018-01-02 16:12:46'),(138,'admin','0:0:0:0:0:0:0:1','SELECT','展示菜单','2018-01-02 20:15:57'),(139,'admin','0:0:0:0:0:0:0:1','SELECT','展示菜单','2018-01-02 20:24:08'),(140,'admin','0:0:0:0:0:0:0:1','SELECT','展示菜单','2018-01-02 20:24:11'),(141,'admin','0:0:0:0:0:0:0:1','SELECT','展示菜单','2018-01-02 20:25:14'),(142,'admin','0:0:0:0:0:0:0:1','SELECT','展示菜单','2018-01-02 20:32:55'),(143,'admin','0:0:0:0:0:0:0:1','SELECT','展示菜单','2018-01-02 20:33:26'),(144,'admin','0:0:0:0:0:0:0:1','SELECT','展示菜单','2018-01-03 09:43:16'),(145,'admin','0:0:0:0:0:0:0:1','SELECT','展示菜单','2018-01-03 09:43:21'),(146,'admin','0:0:0:0:0:0:0:1','SELECT','展示菜单','2018-01-03 09:43:25'),(147,'admin','0:0:0:0:0:0:0:1','SELECT','展示菜单','2018-01-03 09:43:28'),(148,'admin','0:0:0:0:0:0:0:1','SELECT','展示菜单','2018-01-03 09:44:05'),(149,'admin','0:0:0:0:0:0:0:1','SELECT','展示菜单','2018-01-03 09:44:47'),(150,'admin','0:0:0:0:0:0:0:1','SELECT','展示菜单','2018-01-03 09:44:50'),(151,'admin','0:0:0:0:0:0:0:1','SELECT','展示菜单','2018-01-03 09:45:55'),(152,'admin','0:0:0:0:0:0:0:1','SELECT','展示菜单','2018-01-03 09:46:41'),(153,'admin','0:0:0:0:0:0:0:1','SELECT','展示菜单','2018-01-03 09:48:39'),(154,'admin','0:0:0:0:0:0:0:1','SELECT','展示菜单','2018-01-03 09:52:39'),(155,'admin','0:0:0:0:0:0:0:1','SELECT','展示菜单','2018-01-03 10:01:55'),(156,'admin','0:0:0:0:0:0:0:1','SELECT','展示菜单','2018-01-03 10:02:01'),(157,'admin','0:0:0:0:0:0:0:1','SELECT','展示菜单','2018-01-03 10:02:23'),(158,'admin','0:0:0:0:0:0:0:1','SELECT','展示菜单','2018-01-03 10:04:25'),(159,'admin','0:0:0:0:0:0:0:1','SELECT','展示菜单','2018-01-03 10:04:33'),(160,'admin','0:0:0:0:0:0:0:1','SELECT','展示菜单','2018-01-03 10:05:46'),(161,'admin','0:0:0:0:0:0:0:1','SELECT','展示菜单','2018-01-03 10:37:09'),(162,'admin','0:0:0:0:0:0:0:1','SELECT','展示菜单','2018-01-03 10:51:02'),(163,'admin','0:0:0:0:0:0:0:1','SELECT','展示菜单','2018-01-03 10:55:11'),(164,'admin','0:0:0:0:0:0:0:1','SELECT','展示菜单','2018-01-03 10:59:28'),(165,'admin','0:0:0:0:0:0:0:1','SELECT','展示菜单','2018-01-03 11:00:00'),(166,'admin','0:0:0:0:0:0:0:1','SELECT','展示菜单','2018-01-03 12:59:03'),(167,'admin','0:0:0:0:0:0:0:1','SELECT','展示菜单','2018-01-03 12:59:59'),(168,'admin','0:0:0:0:0:0:0:1','SELECT','展示菜单','2018-01-03 13:02:29'),(169,'admin','0:0:0:0:0:0:0:1','SELECT','展示菜单','2018-01-03 13:27:41'),(170,'admin','0:0:0:0:0:0:0:1','ATHOR','添加用户','2018-01-03 14:33:02'),(171,'admin','0:0:0:0:0:0:0:1','ATHOR','添加用户','2018-01-03 14:36:57'),(172,'admin','0:0:0:0:0:0:0:1','ATHOR','添加用户','2018-01-03 14:51:48'),(173,'admin','0:0:0:0:0:0:0:1','ATHOR','添加用户','2018-01-03 14:56:17'),(174,'admin','0:0:0:0:0:0:0:1','SELECT','展示菜单','2018-01-03 15:00:48'),(175,'admin','0:0:0:0:0:0:0:1','ATHOR','添加用户','2018-01-03 15:01:19'),(176,'admin','0:0:0:0:0:0:0:1','ATHOR','添加用户','2018-01-03 15:03:44'),(177,'admin','0:0:0:0:0:0:0:1','UPDATE','修改密码','2018-01-03 15:42:39'),(178,'admin','0:0:0:0:0:0:0:1','UPDATE','修改密码','2018-01-03 15:47:03'),(179,'admin','0:0:0:0:0:0:0:1','UPDATE','修改密码','2018-01-03 15:47:41'),(180,'admin','0:0:0:0:0:0:0:1','UPDATE','修改密码','2018-01-03 15:48:34'),(181,'admin','0:0:0:0:0:0:0:1','UPDATE','修改密码','2018-01-03 15:49:13'),(182,'admin','0:0:0:0:0:0:0:1','UPDATE','修改密码','2018-01-03 15:49:48'),(183,'admin','0:0:0:0:0:0:0:1','UPDATE','修改密码','2018-01-03 15:56:54'),(184,'admin','0:0:0:0:0:0:0:1','ATHOR','更新用户','2018-01-03 20:51:24'),(185,'admin','0:0:0:0:0:0:0:1','ATHOR','更新用户null','2018-01-03 20:51:24'),(186,'admin','0:0:0:0:0:0:0:1','ATHOR','更新用户','2018-01-03 20:54:39'),(187,'admin','0:0:0:0:0:0:0:1','ATHOR','更新用户','2018-01-03 20:54:42'),(188,'admin','0:0:0:0:0:0:0:1','ATHOR','更新用户','2018-01-03 20:55:03'),(189,'admin','0:0:0:0:0:0:0:1','SELECT','展示菜单','2018-01-03 20:57:58'),(190,'admin','0:0:0:0:0:0:0:1','ATHOR','更新用户','2018-01-03 20:58:10'),(191,'admin','0:0:0:0:0:0:0:1','ATHOR','更新用户','2018-01-03 21:19:48'),(192,'admin','0:0:0:0:0:0:0:1','ATHOR','更新用户','2018-01-03 21:20:08'),(193,'admin','0:0:0:0:0:0:0:1','ATHOR','更新用户','2018-01-03 21:20:39'),(194,'admin','0:0:0:0:0:0:0:1','ATHOR','更新用户','2018-01-03 21:26:58'),(195,'admin','0:0:0:0:0:0:0:1','ATHOR','更新用户','2018-01-03 21:30:34'),(196,'admin','0:0:0:0:0:0:0:1','SELECT','展示菜单','2018-01-03 21:30:58'),(197,'admin','0:0:0:0:0:0:0:1','DEL','删除用户','2018-01-03 21:36:01'),(198,'admin','0:0:0:0:0:0:0:1','DEL','删除用户','2018-01-03 21:36:07'),(199,'admin','0:0:0:0:0:0:0:1','DEL','删除用户','2018-01-03 21:36:12'),(200,'admin','0:0:0:0:0:0:0:1','DEL','删除用户','2018-01-03 21:36:18'),(201,'admin','0:0:0:0:0:0:0:1','DEL','删除角色','2018-01-03 21:39:43'),(202,'admin','0:0:0:0:0:0:0:1','SELECT','展示菜单','2018-01-03 21:39:49'),(203,'admin','0:0:0:0:0:0:0:1','ATHOR','添加角色','2018-01-03 21:49:14'),(204,'admin','0:0:0:0:0:0:0:1','ATHOR','添加角色null','2018-01-03 21:49:14'),(205,'admin','127.0.0.1','ATHOR','添加角色','2018-01-03 21:50:55'),(206,'admin','0:0:0:0:0:0:0:1','ATHOR','添加角色','2018-01-03 21:57:40'),(207,'admin','0:0:0:0:0:0:0:1','SELECT','展示菜单','2018-01-03 22:01:28'),(208,'admin','0:0:0:0:0:0:0:1','ATHOR','添加角色','2018-01-03 22:01:41'),(209,'admin','0:0:0:0:0:0:0:1','ATHOR','添加角色','2018-01-03 22:07:49'),(210,'admin','0:0:0:0:0:0:0:1','SELECT','展示菜单','2018-01-03 22:16:04'),(211,'admin','127.0.0.1','SELECT','展示菜单','2018-01-03 22:18:18'),(212,'admin','127.0.0.1','ATHOR','添加角色','2018-01-03 22:18:31'),(213,'admin','0:0:0:0:0:0:0:1','SELECT','展示菜单','2018-01-03 22:24:27'),(214,'admin','0:0:0:0:0:0:0:1','ATHOR','添加角色','2018-01-03 22:24:40'),(215,'admin','0:0:0:0:0:0:0:1','ATHOR','添加角色','2018-01-03 22:25:41'),(216,'admin','127.0.0.1','ATHOR','添加角色','2018-01-03 22:26:30'),(217,'admin','0:0:0:0:0:0:0:1','SELECT','展示菜单','2018-01-03 22:31:49'),(218,'admin','0:0:0:0:0:0:0:1','SELECT','展示菜单','2018-01-03 22:32:49'),(219,'admin','0:0:0:0:0:0:0:1','SELECT','展示菜单','2018-01-03 22:34:17'),(220,'admin','0:0:0:0:0:0:0:1','SELECT','展示菜单','2018-01-03 22:35:53'),(221,'admin','0:0:0:0:0:0:0:1','SELECT','展示菜单','2018-01-03 22:38:57'),(222,'admin','0:0:0:0:0:0:0:1','SELECT','展示菜单','2018-01-03 22:41:07'),(223,'admin','0:0:0:0:0:0:0:1','SELECT','展示菜单','2018-01-03 22:41:27'),(224,'admin','0:0:0:0:0:0:0:1','ATHOR','添加用户','2018-01-03 22:41:50'),(225,'admin','0:0:0:0:0:0:0:1','ATHOR','添加用户','2018-01-03 22:42:23'),(226,'admin','0:0:0:0:0:0:0:1','ATHOR','更新用户','2018-01-03 22:42:30'),(227,'admin','0:0:0:0:0:0:0:1','DEL','删除用户','2018-01-03 22:42:34'),(228,'admin','0:0:0:0:0:0:0:1','ATHOR','添加角色','2018-01-03 22:42:43'),(229,'admin','0:0:0:0:0:0:0:1','ATHOR','更新角色','2018-01-03 22:42:48'),(230,'admin','0:0:0:0:0:0:0:1','ATHOR','更新角色null','2018-01-03 22:42:48'),(231,'admin','0:0:0:0:0:0:0:1','SELECT','展示菜单','2018-01-03 22:45:55'),(232,'admin','0:0:0:0:0:0:0:1','ATHOR','更新角色','2018-01-03 22:46:04'),(234,'admin','0:0:0:0:0:0:0:1','SELECT','展示菜单','2018-01-03 22:46:54'),(235,'admin','0:0:0:0:0:0:0:1','SELECT','展示菜单','2018-01-03 22:48:02'),(236,'admin','0:0:0:0:0:0:0:1','SELECT','展示菜单','2018-01-03 22:53:14'),(237,'admin','0:0:0:0:0:0:0:1','SELECT','展示菜单','2018-01-03 22:54:09'),(238,'admin','0:0:0:0:0:0:0:1','DEL','删除角色','2018-01-03 22:54:28'),(239,'admin','0:0:0:0:0:0:0:1','DEL','删除角色','2018-01-03 22:54:31'),(240,'admin','0:0:0:0:0:0:0:1','ATHOR','添加角色','2018-01-03 22:54:49'),(241,'admin','0:0:0:0:0:0:0:1','DEL','删除角色','2018-01-03 22:54:51'),(242,'admin','0:0:0:0:0:0:0:1','DEL','删除角色','2018-01-03 22:54:53'),(243,'admin','0:0:0:0:0:0:0:1','DEL','删除角色','2018-01-03 22:54:54'),(244,'admin','0:0:0:0:0:0:0:1','DEL','删除角色','2018-01-03 22:54:55'),(245,'admin','0:0:0:0:0:0:0:1','DEL','删除角色','2018-01-03 22:54:57'),(246,'admin','0:0:0:0:0:0:0:1','DEL','删除角色','2018-01-03 22:54:59'),(247,'admin','0:0:0:0:0:0:0:1','DEL','删除角色','2018-01-03 22:55:00'),(248,'admin','0:0:0:0:0:0:0:1','DEL','删除角色','2018-01-03 22:55:02'),(249,'admin','0:0:0:0:0:0:0:1','DEL','删除角色','2018-01-03 22:55:04'),(250,'admin','0:0:0:0:0:0:0:1','SELECT','展示菜单','2018-01-03 22:56:19'),(251,'admin','0:0:0:0:0:0:0:1','SELECT','展示菜单','2018-01-03 23:01:15'),(252,'admin','0:0:0:0:0:0:0:1','SELECT','展示菜单','2018-01-03 23:01:26'),(253,'admin','0:0:0:0:0:0:0:1','ATHOR','更新角色','2018-01-03 23:01:49'),(254,'admin','0:0:0:0:0:0:0:1','ATHOR','更新用户','2018-01-03 23:01:56'),(255,'admin','0:0:0:0:0:0:0:1','SELECT','展示菜单','2018-01-03 23:02:49'),(256,'admin','0:0:0:0:0:0:0:1','SELECT','展示菜单','2018-01-03 23:18:17'),(257,'admin','0:0:0:0:0:0:0:1','SELECT','展示菜单','2018-01-03 23:18:43'),(258,'admin','0:0:0:0:0:0:0:1','SELECT','展示菜单','2018-01-03 23:39:04'),(259,'admin','0:0:0:0:0:0:0:1','SELECT','展示菜单','2018-01-03 23:45:55'),(260,'admin','127.0.0.1','SELECT','展示菜单','2018-01-04 09:37:45'),(261,'admin','127.0.0.1','ATHOR','更新角色','2018-01-04 09:39:25'),(262,'admin','0:0:0:0:0:0:0:1','SELECT','展示菜单','2018-01-04 09:48:14'),(263,'admin','0:0:0:0:0:0:0:1','SELECT','展示菜单','2018-01-04 09:58:14'),(264,'admin','0:0:0:0:0:0:0:1','SELECT','展示菜单','2018-01-04 09:58:39'),(265,'admin','0:0:0:0:0:0:0:1','SELECT','展示菜单','2018-01-04 09:59:28'),(266,'admin','127.0.0.1','SELECT','展示菜单','2018-01-04 10:20:04'),(267,'admin','0:0:0:0:0:0:0:1','SELECT','展示菜单','2018-01-04 10:38:55'),(268,'admin','0:0:0:0:0:0:0:1','SELECT','展示菜单','2018-01-04 10:41:04'),(269,'admin','0:0:0:0:0:0:0:1','SELECT','展示菜单','2018-01-04 10:43:47'),(270,'admin','0:0:0:0:0:0:0:1','ATHOR','更新角色','2018-01-04 10:44:04'),(271,'admin','0:0:0:0:0:0:0:1','SELECT','展示菜单','2018-01-04 10:44:11'),(272,'admin','0:0:0:0:0:0:0:1','SELECT','展示菜单','2018-01-04 10:45:25'),(273,'admin','0:0:0:0:0:0:0:1','SELECT','展示菜单','2018-01-04 10:45:52'),(274,'admin','0:0:0:0:0:0:0:1','ATHOR','更新角色','2018-01-04 10:46:14'),(275,'admin','0:0:0:0:0:0:0:1','SELECT','展示菜单','2018-01-04 10:46:46'),(276,'admin','0:0:0:0:0:0:0:1','SELECT','展示菜单','2018-01-04 10:52:52'),(277,'admin','0:0:0:0:0:0:0:1','SELECT','展示菜单','2018-01-04 10:59:25'),(278,'admin','0:0:0:0:0:0:0:1','SELECT','展示菜单','2018-01-04 11:04:07'),(279,'admin','0:0:0:0:0:0:0:1','UPDATE','修改密码','2018-01-04 11:04:23'),(280,'admin','0:0:0:0:0:0:0:1','UPDATE','修改密码','2018-01-04 11:04:34');

/*Table structure for table `sys_menu` */

DROP TABLE IF EXISTS `sys_menu`;

CREATE TABLE `sys_menu` (
  `id` varchar(36) NOT NULL,
  `name` varchar(255) NOT NULL,
  `p_id` varchar(36) DEFAULT NULL,
  `url` varchar(255) DEFAULT NULL,
  `order_num` int(4) DEFAULT NULL COMMENT '排序字段',
  `icon` varchar(255) DEFAULT NULL COMMENT '图标',
  `create_by` varchar(32) DEFAULT NULL,
  `create_date` datetime DEFAULT NULL,
  `update_by` varchar(32) DEFAULT NULL,
  `update_date` datetime DEFAULT NULL,
  `permission` varchar(255) DEFAULT NULL COMMENT '权限',
  `menu_type` tinyint(4) NOT NULL DEFAULT '0' COMMENT '1栏目2菜单',
  PRIMARY KEY (`id`)
) ENGINE=InnoDB DEFAULT CHARSET=utf8;

/*Data for the table `sys_menu` */

insert  into `sys_menu`(`id`,`name`,`p_id`,`url`,`order_num`,`icon`,`create_by`,`create_date`,`update_by`,`update_date`,`permission`,`menu_type`) values ('0e6c8d4cf09511e78a57201a068c6482','删除','cff61424dfb311e7b555201a068c6482',NULL,3,'','acfc0e9232f54732a5d9ffe9071bf572','2018-01-03 22:47:44',NULL,NULL,'role:del',1),('18bf8d5df09511e78a57201a068c6482','新增','3873ccc2dfda11e7b555201a068c6482',NULL,1,'','acfc0e9232f54732a5d9ffe9071bf572','2018-01-03 22:48:01',NULL,NULL,'nemu:add',1),('2b56410cf09411e78a57201a068c6482','新增','cff61424dfb311e7b555201a068c6482',NULL,1,'','acfc0e9232f54732a5d9ffe9071bf572','2018-01-03 22:41:23',NULL,NULL,'role:add',1),('3873ccc2dfda11e7b555201a068c6482','菜单管理','cfda8029dfb311e7b555201a068c6482','menu/showMenu',1,'&#xe62a;',NULL,'2017-12-14 14:02:50',NULL,'2017-12-14 14:02:50',NULL,0),('433089a6eb0111e782d5201a068c6482','编辑','cfe54921dfb311e7b555201a068c6482','',NULL,'1','acfc0e9232f54732a5d9ffe9071bf572','2017-12-27 20:27:11',NULL,NULL,'user:update',1),('6931fd22f09611e78a57201a068c6482','删除','b441914cee0811e7a60d201a068c6482',NULL,1,'','acfc0e9232f54732a5d9ffe9071bf572','2018-01-03 22:57:26',NULL,NULL,'control:del',1),('6dc13c6eec5f11e7a472201a068c6482','系统日志','a1ca6642ec5e11e7a472201a068c6482','log/showLog',1,'&#xe60a;','acfc0e9232f54732a5d9ffe9071bf572','2017-12-29 14:43:46',NULL,'2017-12-29 14:43:46',NULL,0),('7967e098ee0611e7a60d201a068c6482','接口api','a1ca6642ec5e11e7a472201a068c6482','swagger-ui.html',2,'&#xe64e;','acfc0e9232f54732a5d9ffe9071bf572','2017-12-31 16:42:04',NULL,NULL,NULL,0),('a1ca6642ec5e11e7a472201a068c6482','系统监控',NULL,NULL,2,'&#xe62c;','acfc0e9232f54732a5d9ffe9071bf572','2018-01-03 10:56:14',NULL,'2018-01-03 10:56:14',NULL,0),('b441914cee0811e7a60d201a068c6482','系统监控','a1ca6642ec5e11e7a472201a068c6482','druid/index.html',3,'&#xe628;','acfc0e9232f54732a5d9ffe9071bf572','2017-12-31 16:58:01',NULL,NULL,NULL,0),('cfda8029dfb311e7b555201a068c6482','系统管理',NULL,NULL,1,'&#xe614;',NULL,'2018-01-03 10:56:13',NULL,'2018-01-03 10:56:13',NULL,0),('cfe54921dfb311e7b555201a068c6482','用户管理','cfda8029dfb311e7b555201a068c6482','/user/showUser',2,'&#xe6af;',NULL,'2017-12-29 14:40:34',NULL,'2017-12-29 14:40:34',NULL,0),('cfe54921dfb311e7b555201a068c6483','增加','cfe54921dfb311e7b555201a068c6482',NULL,1,NULL,NULL,NULL,NULL,NULL,'user:select',1),('cff61424dfb311e7b555201a068c6482','角色管理','cfda8029dfb311e7b555201a068c6482','/role/showRole',3,'&#xe613;',NULL,'2017-12-29 14:40:36',NULL,'2017-12-29 14:40:36',NULL,0),('e3b11497eb9e11e7928d201a068c6482','删除','cfe54921dfb311e7b555201a068c6482','',NULL,'','acfc0e9232f54732a5d9ffe9071bf572','2017-12-28 15:17:07',NULL,'2017-12-28 15:17:07','user:del',1),('f23f6a6bf09511e78a57201a068c6482','修改密码','cfe54921dfb311e7b555201a068c6482',NULL,4,'','acfc0e9232f54732a5d9ffe9071bf572','2018-01-03 22:54:06',NULL,NULL,'user:repass',1),('ff015ea5f09411e78a57201a068c6482','编辑','cff61424dfb311e7b555201a068c6482',NULL,2,'','acfc0e9232f54732a5d9ffe9071bf572','2018-01-03 22:47:18',NULL,NULL,'role:update',1);

/*Table structure for table `sys_role` */

DROP TABLE IF EXISTS `sys_role`;

CREATE TABLE `sys_role` (
  `id` varchar(32) NOT NULL,
  `role_name` varchar(128) DEFAULT NULL,
  `remark` varchar(255) DEFAULT NULL,
  `create_by` varchar(32) DEFAULT NULL,
  `create_date` datetime DEFAULT NULL,
  `update_by` varchar(32) DEFAULT NULL,
  `update_date` datetime DEFAULT NULL,
  PRIMARY KEY (`id`)
) ENGINE=InnoDB DEFAULT CHARSET=utf8;

/*Data for the table `sys_role` */

insert  into `sys_role`(`id`,`role_name`,`remark`,`create_by`,`create_date`,`update_by`,`update_date`) values ('0ea934e5e55411e7b983201a068c6482','group1','一组','acfc0e9232f54732a5d9ffe9071bf572','2017-12-20 15:04:44',NULL,'2018-01-02 11:41:43'),('2619a672e53811e7b983201a068c6482','admin','管理员','acfc0e9232f54732a5d9ffe9071bf572','2017-12-20 11:44:57',NULL,'2018-01-02 11:38:37');

/*Table structure for table `sys_role_menu` */

DROP TABLE IF EXISTS `sys_role_menu`;

CREATE TABLE `sys_role_menu` (
  `role_id` varchar(32) NOT NULL,
  `menu_id` varchar(32) NOT NULL,
  PRIMARY KEY (`role_id`,`menu_id`)
) ENGINE=InnoDB DEFAULT CHARSET=utf8;

/*Data for the table `sys_role_menu` */

insert  into `sys_role_menu`(`role_id`,`menu_id`) values ('0ea934e5e55411e7b983201a068c6482','433089a6eb0111e782d5201a068c6482'),('0ea934e5e55411e7b983201a068c6482','6931fd22f09611e78a57201a068c6482'),('0ea934e5e55411e7b983201a068c6482','6dc13c6eec5f11e7a472201a068c6482'),('0ea934e5e55411e7b983201a068c6482','a1ca6642ec5e11e7a472201a068c6482'),('0ea934e5e55411e7b983201a068c6482','cfda8029dfb311e7b555201a068c6482'),('0ea934e5e55411e7b983201a068c6482','cfe54921dfb311e7b555201a068c6482'),('2619a672e53811e7b983201a068c6482','0e6c8d4cf09511e78a57201a068c6482'),('2619a672e53811e7b983201a068c6482','18bf8d5df09511e78a57201a068c6482'),('2619a672e53811e7b983201a068c6482','2b56410cf09411e78a57201a068c6482'),('2619a672e53811e7b983201a068c6482','3873ccc2dfda11e7b555201a068c6482'),('2619a672e53811e7b983201a068c6482','433089a6eb0111e782d5201a068c6482'),('2619a672e53811e7b983201a068c6482','6931fd22f09611e78a57201a068c6482'),('2619a672e53811e7b983201a068c6482','6dc13c6eec5f11e7a472201a068c6482'),('2619a672e53811e7b983201a068c6482','7967e098ee0611e7a60d201a068c6482'),('2619a672e53811e7b983201a068c6482','a1ca6642ec5e11e7a472201a068c6482'),('2619a672e53811e7b983201a068c6482','b441914cee0811e7a60d201a068c6482'),('2619a672e53811e7b983201a068c6482','cfda8029dfb311e7b555201a068c6482'),('2619a672e53811e7b983201a068c6482','cfe54921dfb311e7b555201a068c6482'),('2619a672e53811e7b983201a068c6482','cfe54921dfb311e7b555201a068c6483'),('2619a672e53811e7b983201a068c6482','cff61424dfb311e7b555201a068c6482'),('2619a672e53811e7b983201a068c6482','e3b11497eb9e11e7928d201a068c6482'),('2619a672e53811e7b983201a068c6482','f23f6a6bf09511e78a57201a068c6482'),('2619a672e53811e7b983201a068c6482','ff015ea5f09411e78a57201a068c6482'),('a56219ffeb7d11e7928d201a068c6482','433089a6eb0111e782d5201a068c6482'),('a56219ffeb7d11e7928d201a068c6482','cfda8029dfb311e7b555201a068c6482'),('a56219ffeb7d11e7928d201a068c6482','cfe54921dfb311e7b555201a068c6482');

/*Table structure for table `sys_role_user` */

DROP TABLE IF EXISTS `sys_role_user`;

CREATE TABLE `sys_role_user` (
  `user_id` varchar(32) NOT NULL,
  `role_id` varchar(32) NOT NULL,
  PRIMARY KEY (`user_id`,`role_id`)
) ENGINE=InnoDB DEFAULT CHARSET=utf8;

/*Data for the table `sys_role_user` */

insert  into `sys_role_user`(`user_id`,`role_id`) values ('2211fec3e17c11e795ed201a068c6482','0ea934e5e55411e7b983201a068c6482'),('acfc0e9232f54732a5d9ffe9071bf572','0ea934e5e55411e7b983201a068c6482'),('acfc0e9232f54732a5d9ffe9071bf572','2619a672e53811e7b983201a068c6482');

/*Table structure for table `sys_user` */

DROP TABLE IF EXISTS `sys_user`;

CREATE TABLE `sys_user` (
  `id` varchar(36) NOT NULL,
  `username` varchar(64) NOT NULL,
  `password` varchar(128) NOT NULL,
  `age` int(4) DEFAULT NULL,
  `email` varchar(128) DEFAULT NULL,
  `photo` varchar(255) DEFAULT NULL,
  `real_name` varchar(18) DEFAULT NULL,
  `create_by` varchar(32) DEFAULT NULL,
  `update_by` varchar(32) DEFAULT NULL,
  `create_date` datetime DEFAULT NULL,
  `update_date` datetime DEFAULT NULL,
  `del_flag` tinyint(4) NOT NULL DEFAULT '0' COMMENT '0可用1封禁',
  PRIMARY KEY (`id`)
) ENGINE=InnoDB DEFAULT CHARSET=utf8;

/*Data for the table `sys_user` */

insert  into `sys_user`(`id`,`username`,`password`,`age`,`email`,`photo`,`real_name`,`create_by`,`update_by`,`create_date`,`update_date`,`del_flag`) values ('2211fec3e17c11e795ed201a068c6482','zxm','f8880ebbdbc37a936245657fa9084198',24,'154040976@qq.com','','',NULL,'acfc0e9232f54732a5d9ffe9071bf572','2018-01-03 15:49:48','2018-01-03 23:01:56',0),('acfc0e9232f54732a5d9ffe9071bf572','admin','e0b141de1c8091be350d3fc80de66528',24,'','image/2018-01-02/04112710081355948a3f0cf5-464x700.jpg','',NULL,NULL,'2017-12-20 16:34:06','2017-12-20 16:34:06',0);

/*!40101 SET SQL_MODE=@OLD_SQL_MODE */;
/*!40014 SET FOREIGN_KEY_CHECKS=@OLD_FOREIGN_KEY_CHECKS */;
/*!40014 SET UNIQUE_CHECKS=@OLD_UNIQUE_CHECKS */;
/*!40111 SET SQL_NOTES=@OLD_SQL_NOTES */;
